"Path","Length","SHA256"
"outputs/0cd4cac11153c546/auxiliary/adequacy_498657101acbb4e6/metadata.json","6902","40e0775960e48336247761103cb8eaf255f31a1fc2461d3a1e1259f97b83910c"
"outputs/0cd4cac11153c546/auxiliary/adequacy_498657101acbb4e6/raw/adequacy_assignment_isolation_negative_delta_10.csv","876423","90cab09e5974a4d0ca03e0b1b7dee3bf0891a31a40069d8849fca73f8afed051"
"outputs/0cd4cac11153c546/auxiliary/adequacy_498657101acbb4e6/raw/adequacy_assignment_isolation_negative_delta_15.csv","873375","4620aa5e6d71cabad932d68688db115e77039c4fbd8a6df1d75ad15b6e37511a"
"outputs/0cd4cac11153c546/auxiliary/adequacy_498657101acbb4e6/raw/adequacy_assignment_isolation_negative_delta_20.csv","873598","8a48e16c1ac70db4e7ca27e8966ec92272ae08aabfd1f785da1013eb2bd4fc8a"
"outputs/0cd4cac11153c546/auxiliary/adequacy_498657101acbb4e6/raw/adequacy_assignment_isolation_negative_delta_30.csv","872378","f73e06f873b70df499c8fbf4a753c6e1d49ef10ce892d9a279aa85b96d7ec502"
"outputs/0cd4cac11153c546/auxiliary/adequacy_498657101acbb4e6/raw/adequacy_assignment_isolation_negative_delta_40.csv","866430","a985bfcb1ad25a51acb22b4167b1377918050516fccd6bc995835d43d09411ca"
"outputs/0cd4cac11153c546/auxiliary/adequacy_498657101acbb4e6/raw/adequacy_assignment_isolation_negative_delta_5.csv","882434","2ab7f5ec5932719242de68f6b312423d10f29de5624f30b0512636b912602121"
"outputs/0cd4cac11153c546/auxiliary/adequacy_498657101acbb4e6/raw/adequacy_assignment_isolation_negative_delta_50.csv","864747","84848ddf9bd6b1ed3e66e7a576e4b9fce113a4840938b2b4754ed50cc2eded05"
"outputs/0cd4cac11153c546/auxiliary/adequacy_498657101acbb4e6/raw/adequacy_assignment_isolation_negative_delta_60.csv","863533","387f8eef120ed55cbba63db24dc63c901807305e2418b56f38a860cc9de8d66f"
"outputs/0cd4cac11153c546/auxiliary/adequacy_498657101acbb4e6/raw/adequacy_assignment_isolation_negative_delta_75.csv","862192","fd60451cfd85fad8531ff7881a809fb0f001a6e50a6a3037298262baf6de7456"
"outputs/0cd4cac11153c546/auxiliary/adequacy_498657101acbb4e6/raw/adequacy_assignment_isolation_negative_delta_90.csv","862412","75c012a1de3c0d7d68265712216b3d65402da6cbd5e028538ab542dbc0571d50"
"outputs/0cd4cac11153c546/auxiliary/adequacy_498657101acbb4e6/raw/adequacy_assignment_isolation_positive_delta_10.csv","869111","64c979209cf6bdcd07092afc2950903681df19fb0daf021ee2cf752f82cd493a"
"outputs/0cd4cac11153c546/auxiliary/adequacy_498657101acbb4e6/raw/adequacy_assignment_isolation_positive_delta_15.csv","864972","5d986a050e91534793f0f0cb29494158c46d8dcbb494b527dbd0fa8029598976"
"outputs/0cd4cac11153c546/auxiliary/adequacy_498657101acbb4e6/raw/adequacy_assignment_isolation_positive_delta_20.csv","864630","62613d4a95f2fdd7a6f2827d04ff66cfc4afe750254187bdbbcc92e9037d3cd0"
"outputs/0cd4cac11153c546/auxiliary/adequacy_498657101acbb4e6/raw/adequacy_assignment_isolation_positive_delta_30.csv","863795","99ea332e84478731188dea817afa58901fca0eba30fc51d474a9361b1eb7c697"
"outputs/0cd4cac11153c546/auxiliary/adequacy_498657101acbb4e6/raw/adequacy_assignment_isolation_positive_delta_40.csv","866146","c24a2a0b77baed234b469275313bde80ae90238e55fb29d73e4df5d1445711b3"
"outputs/0cd4cac11153c546/auxiliary/adequacy_498657101acbb4e6/raw/adequacy_assignment_isolation_positive_delta_5.csv","878656","56da6b35760176ae050d5ab969c9794bd3a81775aec4b70d5fff80f17108be46"
"outputs/0cd4cac11153c546/auxiliary/adequacy_498657101acbb4e6/raw/adequacy_assignment_isolation_positive_delta_50.csv","866465","4dd3d0a8ba86d495a6f6edf526ee3dda834cfd158ce038e79d05dd8c49c4338c"
"outputs/0cd4cac11153c546/auxiliary/adequacy_498657101acbb4e6/raw/adequacy_assignment_isolation_positive_delta_60.csv","865068","1d1c5907ae7846dd61ec7536c7129c91b309b3c832b486b64d96e4b43496ad11"
"outputs/0cd4cac11153c546/auxiliary/adequacy_498657101acbb4e6/raw/adequacy_assignment_isolation_positive_delta_75.csv","863783","26a23491a289455786b76b7e2fd4501cadd153f69e21f393489ee29608d4ee76"
"outputs/0cd4cac11153c546/auxiliary/adequacy_498657101acbb4e6/raw/adequacy_assignment_isolation_positive_delta_90.csv","864583","2752e09ead4732d2e0db4aaaa77cba25b5d6c6de263f9a8904048466a5184d2d"
"outputs/0cd4cac11153c546/auxiliary/adequacy_498657101acbb4e6/raw/adequacy_sequential_evalue_negative_delta_10.csv","996462","5fda7bc13fdbbb72f692feeaee7cdf8717db72b37a4b89087d96499dc5e45578"
"outputs/0cd4cac11153c546/auxiliary/adequacy_498657101acbb4e6/raw/adequacy_sequential_evalue_negative_delta_15.csv","1000226","80f5347ac938795802a6660723393ccdfc79b7a5e59813cae37a1e35d089d929"
"outputs/0cd4cac11153c546/auxiliary/adequacy_498657101acbb4e6/raw/adequacy_sequential_evalue_negative_delta_20.csv","997914","86e1c1065846018b770d678ddf3da1dacc7fc690eb92b69e9f60905b82159eae"
"outputs/0cd4cac11153c546/auxiliary/adequacy_498657101acbb4e6/raw/adequacy_sequential_evalue_negative_delta_30.csv","996314","bbc18c5b1b430776afebc061ef904993f441d1311d6c1e753c1019fba2767713"
"outputs/0cd4cac11153c546/auxiliary/adequacy_498657101acbb4e6/raw/adequacy_sequential_evalue_negative_delta_40.csv","993986","ceeaed53ab2fda1a8936e71a0522c719a77f50ad056d78c1259520229899effe"
"outputs/0cd4cac11153c546/auxiliary/adequacy_498657101acbb4e6/raw/adequacy_sequential_evalue_negative_delta_5.csv","984526","d4423da256c25a78cab2b3f9e2b4e57132c5d19b7d39e20df236d012a79b27f2"
"outputs/0cd4cac11153c546/auxiliary/adequacy_498657101acbb4e6/raw/adequacy_sequential_evalue_negative_delta_50.csv","989695","51fda39283cafd8b057874da5a4907f4e497da53fa77a93f5d1274978ebb9072"
"outputs/0cd4cac11153c546/auxiliary/adequacy_498657101acbb4e6/raw/adequacy_sequential_evalue_negative_delta_60.csv","988643","b70ba3dfa01744b4014f1fe390e71e0ea7b23b2c3f0b4ca8da50ec60ed75c563"
"outputs/0cd4cac11153c546/auxiliary/adequacy_498657101acbb4e6/raw/adequacy_sequential_evalue_negative_delta_75.csv","987075","4cb8c86b1f07375cc3c74d2262c1403f0a49632d8173e38a09179ec7ff643bd4"
"outputs/0cd4cac11153c546/auxiliary/adequacy_498657101acbb4e6/raw/adequacy_sequential_evalue_negative_delta_90.csv","987271","979a2a2610deb79a8bda3f67e10c63da771719f977d9c6f25edad2618130693b"
"outputs/0cd4cac11153c546/auxiliary/adequacy_498657101acbb4e6/raw/adequacy_sequential_evalue_positive_delta_10.csv","990175","1eeb055fc66f2ecca9b422305856b8d66a94fd703f019ec86da4e49edbf4ef55"
"outputs/0cd4cac11153c546/auxiliary/adequacy_498657101acbb4e6/raw/adequacy_sequential_evalue_positive_delta_15.csv","991771","4b6acc4c708facb99cb333ecfbb7343a286750f428b3184519927a2d981339b2"
"outputs/0cd4cac11153c546/auxiliary/adequacy_498657101acbb4e6/raw/adequacy_sequential_evalue_positive_delta_20.csv","989491","d00741a7c47a39b6e0c934e8c54b7d5381da2ef6f5d2325985102ce66d12526f"
"outputs/0cd4cac11153c546/auxiliary/adequacy_498657101acbb4e6/raw/adequacy_sequential_evalue_positive_delta_30.csv","987425","612fe61a460f78af8e117a2411487756dac8917d5e77cb076cdfda53be65cc7e"
"outputs/0cd4cac11153c546/auxiliary/adequacy_498657101acbb4e6/raw/adequacy_sequential_evalue_positive_delta_40.csv","989116","a08bde925351902d97dfa52b1ce930367398df45e3da2a39a63dc682ea04947a"
"outputs/0cd4cac11153c546/auxiliary/adequacy_498657101acbb4e6/raw/adequacy_sequential_evalue_positive_delta_5.csv","981689","fc26cb8df4c67bebc7e2f2b818ea631a27121e405f93eeae0c9524c92e7b8f9a"
"outputs/0cd4cac11153c546/auxiliary/adequacy_498657101acbb4e6/raw/adequacy_sequential_evalue_positive_delta_50.csv","991392","a6a08c883c46d3b66f92537899212cd1fe8799e14c3b2515ce5ce742c8d29a05"
"outputs/0cd4cac11153c546/auxiliary/adequacy_498657101acbb4e6/raw/adequacy_sequential_evalue_positive_delta_60.csv","990435","824c5730f7bcb9e354d8c243e9b6b93a4cb2034c424ff9fa6559ababdf0e8ec6"
"outputs/0cd4cac11153c546/auxiliary/adequacy_498657101acbb4e6/raw/adequacy_sequential_evalue_positive_delta_75.csv","989183","50c3e71d21804c1b514ad3b9c14151339a1949f42ae17a86efb126d70772cb1b"
"outputs/0cd4cac11153c546/auxiliary/adequacy_498657101acbb4e6/raw/adequacy_sequential_evalue_positive_delta_90.csv","990173","4734ef162d45be6a1a83b400e1e37bf4e793f330ad2c0cc992b3ce4136a3220f"
"outputs/0cd4cac11153c546/auxiliary/adequacy_498657101acbb4e6/summary/adequacy_operating_characteristic.csv","19444","a6c4cdc4b5636adf91141ba266f7eae047ea669e52cf029b0b4f9b94a5289fc6"
"outputs/0cd4cac11153c546/auxiliary/adequacy_498657101acbb4e6/tables/adequacy_operating_characteristic_assignment_isolation.tex","2359","25cfb5f724f417a9db0c74aad93c37923a2ed17476fae1f60802fb9ad625b859"
"outputs/0cd4cac11153c546/auxiliary/adequacy_498657101acbb4e6/tables/adequacy_operating_characteristic_sequential_evalue.tex","2365","2677aff8d7ff2dcd69b0aa6914233906fdeb1e6191e75fe935b9f11e24671f27"
"outputs/0cd4cac11153c546/figures/figure2_validation.pdf","69453","2672101c019b2e1032349256cfe8722111d00e0345d09d85c1f227550ca053a3"
"outputs/0cd4cac11153c546/figures/figure2_validation.png","478911","506116fa92df1f3093cff182d7a51e1cec0589e705a7e7be7e1a0fadfd19fd6f"
"outputs/0cd4cac11153c546/metadata/adequacy_certification.json","6902","40e0775960e48336247761103cb8eaf255f31a1fc2461d3a1e1259f97b83910c"
"outputs/0cd4cac11153c546/metadata/run_metadata.json","906","d4838d6b6aa1c5b54254e5cbcde65dce41f0e49ed381b22d7d7fa5f287f2ba67"
"outputs/0cd4cac11153c546/raw/adversarial_null.csv","970483","3b9b60d505108956b13bcde6c562b70feb2eebfc1a24e4296412d62331f6ddb0"
"outputs/0cd4cac11153c546/raw/anchor.csv","885815","91c5e05548865384bb69fb5717aff0048ed5f58ecfa4e2808f50f028d80ad3b5"
"outputs/0cd4cac11153c546/raw/collider_selection.csv","956270","4d2800dc404d67ea787a99b3e8527dc1e1f5d06e997b6b88253e234d2173ddde"
"outputs/0cd4cac11153c546/raw/injected_residual.csv","863533","387f8eef120ed55cbba63db24dc63c901807305e2418b56f38a860cc9de8d66f"
"outputs/0cd4cac11153c546/raw/leakage.csv","869219","6a9fc0c09de14efbba8a0239e96408173a94e292ae6f94951bedd0f07a5840d7"
"outputs/0cd4cac11153c546/raw/opposite_direction.csv","865068","1d1c5907ae7846dd61ec7536c7129c91b309b3c832b486b64d96e4b43496ad11"
"outputs/0cd4cac11153c546/raw/selection.csv","953061","67dc3a8d54d9540acb143cefceb319a77115e159aef20085af66d2c118f628e4"
"outputs/0cd4cac11153c546/summary/adequacy_operating_characteristic.csv","19444","a6c4cdc4b5636adf91141ba266f7eae047ea669e52cf029b0b4f9b94a5289fc6"
"outputs/0cd4cac11153c546/summary/adversarial_null_rep.json","93","123262ef10fb4a3607198a1dae96380d545133b3ee4ba7c85cfdc9a5249d88b4"
"outputs/0cd4cac11153c546/summary/adversarial_null_summary.json","1863","1b57dc93b2f963853064c2cb7ad69adf568b3ef976f9a60412679af9bc8fa00a"
"outputs/0cd4cac11153c546/summary/anchor_rep.json","93","3805a24336f68106f39e4240f9277f9b5f0fbc8eb112be61132c1d1f109ceae4"
"outputs/0cd4cac11153c546/summary/anchor_summary.json","1815","67bc084e95241a5419c6cfce6fc2a57bf2b0aabbe7b2e43478a6154c01d453ce"
"outputs/0cd4cac11153c546/summary/collider_selection_rep.json","89","5c68e9dbabb060fad5ccb5649cd13b915e6d8e4d3a638d6375354022fc058623"
"outputs/0cd4cac11153c546/summary/collider_selection_summary.json","1835","cc6b3cc42652b1e2c5a67af2b3c23bbe48036220af11bcccd60d79edbc4a5982"
"outputs/0cd4cac11153c546/summary/collider_sweep.csv","685","ff8c6345e828c48ddd773a78d34f47096786f3277b6c92833d17d12cc8621bf4"
"outputs/0cd4cac11153c546/summary/false_adequacy_rates.csv","716","8f1cfa3a110492c78b1439004e3da1b7c26b0903420579ae2acccd2ee1102b5b"
"outputs/0cd4cac11153c546/summary/injected_residual_rep.json","81","adafd72b02661c1944798f754b6a8f5c49a1bc6618b73cc12dab7cce1dba35b9"
"outputs/0cd4cac11153c546/summary/injected_residual_summary.json","1743","6dd5c7304a239588980fbf7e37c01ea030b9908f346e6a76d36e66db728cd93a"
"outputs/0cd4cac11153c546/summary/leakage_rep.json","90","fd26f667102ebe240d0ccb3572694e79abe08cabb1b4f67bdca3e1603261730b"
"outputs/0cd4cac11153c546/summary/leakage_summary.json","1730","1ee8fc94d28736f1b09db0e1ef4769043e97a8d160cb5e902a20fc09e7a049a4"
"outputs/0cd4cac11153c546/summary/operating_characteristics.csv","4325","313d2f8ca92f7df3c3fac77d6e85f53b417bb9f81c09206df3e12e7679f93a9f"
"outputs/0cd4cac11153c546/summary/opposite_direction_rep.json","90","bcb978c9527d4d37e1dbcc1dc1c8c24feeb3054fa23bd5d79980ef94adfd1dac"
"outputs/0cd4cac11153c546/summary/opposite_direction_summary.json","1795","1215860b9ebe7532c2c3b52e44c901a406686c4411d9e9bd23af63b2b8deae55"
"outputs/0cd4cac11153c546/summary/representative_index.json","824","bce01196b79ea5d60ba81298bf60f6643251a3af895b5a72fcd04cd809c513e6"
"outputs/0cd4cac11153c546/summary/selection_rep.json","89","76d3758a37cb8b2162b9a68362227416003cd2c9130621e74190a40ee6e02486"
"outputs/0cd4cac11153c546/summary/selection_summary.json","1784","7e570883342d630b2d2e18782a7efbe2c9b6145292021870ccb2759922a33534"
"outputs/0cd4cac11153c546/tables/adequacy_operating_characteristic_assignment_isolation.tex","2359","25cfb5f724f417a9db0c74aad93c37923a2ed17476fae1f60802fb9ad625b859"
"outputs/0cd4cac11153c546/tables/adequacy_operating_characteristic_sequential_evalue.tex","2365","2677aff8d7ff2dcd69b0aa6914233906fdeb1e6191e75fe935b9f11e24671f27"
"outputs/0cd4cac11153c546/tables/collider_sweep.tex","1033","21e1ef65281adac6c05d8f7f241268c6718ac7eabf66f5bd4fd9321cf2dd0d98"
"outputs/0cd4cac11153c546/tables/operating_characteristics_design.tex","1885","6eebbaf445b821371651c595ff085ab59967497d3bccf74a9476d9bc72c8c157"
"outputs/0cd4cac11153c546/tables/operating_characteristics_intervals.tex","1165","8107764c57fbb7fc837e01ebf7516b39c221b94c4cc3017fddff150a97c8507c"
"outputs/0cd4cac11153c546/tables/operating_characteristics_outcomes.tex","2578","d1ff9273f8c1551ce5ba27ce6933d937a09e5fd30498edc3b9781c59fdae3aa4"
"outputs/0cd4cac11153c546/tables/v12_result_macros.tex","13571","2e0319b2952e4afb19f104b01bef4a621b4dc7827b0dd0ba59b924066b4aa2a5"
"outputs/0cd4cac11153c546/tables/worked_decision_example.tex","6716","a8f88c4dd3140450efe71fdcb53fb3fd750e3872b4e2574243d1e9f2239a9d79"
